Batch_ID,T80
Test-01,58.99139564941523
Test-02,22.118599065059147
Test-03,13.910939861993782
Test-04,23.01116170507596
Test-05,23.206712318200612
Test-06,42.61330882925877
Test-07,41.71965561302292
Test-08,9.997665412008603
Test-09,22.276936533376546
